blksize,read_ns,write_ns,
512,903218375,960015875
512,955283750,960016625
512,955295500,960014750
512,955292125,960016125
512,955293625,960013250
512,955288625,960014250
512,955288000,960016875
512,955290125,960017750
512,955292625,960016125
512,955295125,960018125
512,955289625,960018875
512,955292250,960018000
512,955293625,960016000
512,955294250,960017125
512,955286000,960015625
512,955287750,960017250
512,955284625,960017250
512,955286875,960018000
512,955286375,960017500
512,955287375,960017000
512,955289375,960015750
512,955290250,960015625
512,955289250,960018250
512,955294625,960017625
512,955289000,960014625
512,955290000,960015875
512,955290500,960017625
512,955295125,960012375
512,955294250,960014625
512,955294500,960017125
